,completely,game,hastly,id,normally
0,,6519.0,,8,15720.0
1,,5082.0,,1833,234000.0
2,468000.0,,108000.0,11397,217820.0
3,,14872.0,,1172,900.0
4,10800.0,13138.0,,1282,10800.0
5,25200.0,,10800.0,15454,21600.0
6,0.0,,0.0,27433,28800.0
7,64020.0,,0.0,10232,38700.0
8,,5614.0,,1836,22200.0
9,72600.0,2.0,,12,29040.0
10,36000.0,,6600.0,10949,0.0
11,3600.0,,108000.0,10456,162000.0
12,864000.0,,0.0,27786,0.0
13,23400.0,,0.0,7168,0.0
14,255600.0,,0.0,103054,0.0
15,381600.0,124.0,,1017,
16,0.0,,0.0,20286,79740.0
17,,9547.0,,446,25200.0
18,3600.0,,600.0,119439,1800.0
19,144000.0,,0.0,76882,0.0
20,68400.0,8288.0,,1838,54000.0
21,428400.0,2368.0,,1846,
22,,1906.0,,1154,10800.0
23,32400.0,1384.0,,1023,
24,300.0,,120.0,120272,300.0
25,,7418.0,,1909,6300.0
26,432000.0,1942.0,,1163,
27,,307.0,,1301,4813200.0
28,,21863.0,,1735,83400.0
29,,19562.0,,1743,59820.0
30,576000.0,3568.0,,678,288000.0
31,360000.0,7886.0,,679,88200.0
32,,2001.0,,684,28440.0
33,6420.0,9136.0,,1922,
34,0.0,,0.0,104436,43200.0
35,43200.0,,30600.0,1074,36000.0
36,0.0,,0.0,9254,148500.0
37,9600.0,,0.0,75871,7200.0
38,16200.0,,0.0,111646,0.0
39,,6433.0,,1201,
40,72000.0,2591.0,,1209,21600.0
41,41880.0,6863.0,,51,
42,,2282.0,,53,
43,,2878.0,,114,
44,0.0,,0.0,10662,7200.0
45,,2693.0,,1482,
46,16200.0,,5400.0,11757,10800.0
47,7200.0,,1800.0,118985,3600.0
48,504000.0,,144000.0,6897,288000.0
49,39600.0,,14400.0,5714,14400.0
50,15480.0,7879.0,,1003,
51,64800.0,7637.0,,1014,
52,43200.0,8371.0,,1015,
53,25200.0,,7200.0,5881,0.0
54,128700.0,,127800.0,2370,147600.0
55,57600.0,11328.0,,1475,
56,45000.0,,36210.0,740,42960.0
57,63000.0,,33960.0,986,39600.0
58,23400.0,1352.0,,24,14400.0
59,61200.0,571.0,,1476,
60,36000.0,,0.0,16779,0.0
61,129600.0,,0.0,80895,0.0
62,,1352.0,,26,13740.0
63,,7418.0,,33,10860.0
64,,530.0,,981,63120.0
65,102600.0,,54000.0,128,56682.0
66,,912.0,,1024,54000.0
67,0.0,,3600.0,11710,5400.0
68,,233.0,,85,47460.0
69,32040.0,,0.0,15743,0.0
70,69120.0,,0.0,15816,0.0
71,313200.0,,90000.0,80,214800.0
72,172800.0,,83460.0,1970,130350.0
73,,1853.0,,1488,72000.0
74,,2231.0,,90,41940.0
75,,7731.0,,106,11460.0
76,,128.0,,381,46800.0
77,,3097.0,,1031,31500.0
78,1305720.0,,0.0,11544,0.0
79,72000.0,539.0,,1114,
80,1800000.0,56.0,,188,
81,,1039.0,,348,198000.0
82,43200.0,2344.0,,357,36000.0
83,10800.0,1882.0,,433,10800.0
84,352800.0,1864.0,,438,259200.0
85,,7442.0,,1999,180000.0
86,,5025.0,,2034,16200.0
87,,2355.0,,1115,32400.0
88,100800.0,28125.0,,2035,95400.0
89,0.0,,14400.0,55077,0.0
90,19140.0,1397.0,,2037,16680.0
91,9540.0,,9540.0,7439,9540.0
92,180000.0,116.0,,362,126000.0
93,63920.0,,22560.0,3077,31920.0
94,21600.0,3022.0,,706,18000.0
95,2400.0,,2400.0,56873,2400.0
96,7320.0,,7320.0,2549,15780.0
97,,2602.0,,413,14400.0
98,36000.0,5969.0,,828,18000.0
99,,7635.0,,829,25200.0
100,,2155.0,,738,216000.0
101,,9192.0,,739,21600.0
102,140400.0,127.0,,1170,
103,0.0,,0.0,9192,21300.0
104,,1983.0,,154,21600.0
105,,1871.0,,808,48600.0
106,,472.0,,833,540000.0
107,52360.0,,26016.0,231,44316.0
108,,3218.0,,850,21180.0
109,4680.0,,12045.0,7205,7740.0
110,,67.0,,176,119820.0
111,10035.0,,0.0,11625,0.0
112,,71.0,,1300,
113,4650.0,,2850.0,87514,3750.0
114,,9580.0,,897,129600.0
115,104400.0,495.0,,1761,
116,52590.0,,15180.0,3078,29790.0
117,,538.0,,28,
118,,7444.0,,35,26400.0
119,,1945.0,,55,
120,,127.0,,57,126000.0
121,,7618.0,,2260,9840.0
122,34200.0,,25200.0,7256,28800.0
123,180000.0,,72000.0,116,135000.0
124,54000.0,,0.0,431,36770.0
125,352800.0,,0.0,1864,210600.0
126,19140.0,,5040.0,1397,28140.0
127,21620.0,,14460.0,9730,16510.0
128,11760.0,,11760.0,1853,41880.0
129,8760.0,,8760.0,116414,8760.0
130,2275200.0,9630.0,,996,
131,82800.0,72.0,,1763,
132,,132.0,,1777,100440.0
133,,7513.0,,46,41100.0
134,46500.0,236.0,,31,
135,14400.0,1051.0,,70,10800.0
136,766320.0,,216000.0,22439,432000.0
137,18420.0,,18420.0,296,36270.0
138,36000.0,,31860.0,9274,32400.0
139,,10137.0,,1788,7200.0
140,0.0,,0.0,2538,32760.0
141,14400.0,,9000.0,32930,10800.0
142,0.0,,0.0,103301,39600.0
143,,12374.0,,940,
144,,12374.0,,941,78180.0
145,50400.0,2993.0,,948,46500.0
146,7500.0,,5400.0,11233,8010.0
147,,478.0,,963,115200.0
148,,534.0,,977,252000.0
149,,8372.0,,1116,32400.0
150,5640.0,,5520.0,3262,0.0
151,18000.0,,9000.0,121823,12600.0
152,74940.0,,0.0,1290,0.0
153,89520.0,,0.0,14593,128854.0
154,17580.0,,0.0,7352,6900.0
155,144000.0,1293.0,,1004,
156,51720.0,7344.0,,1010,
157,32400.0,7876.0,,1018,
158,7560.0,8429.0,,1019,
159,,9630.0,,1026,396000.0
160,,1871.0,,1032,52200.0
161,,1802.0,,1044,139500.0
162,,9597.0,,1045,72000.0
163,32400.0,12517.0,,1046,21600.0
164,,111.0,,1806,25200.0
165,9600.0,8259.0,,1826,
166,,14177.0,,1832,234000.0
167,,7331.0,,1850,65940.0
168,,124.0,,1135,
169,0.0,,3600.0,2444,0.0
170,0.0,,0.0,34700,18000.0
171,0.0,,0.0,4969,57600.0
172,54000.0,,0.0,25580,0.0
173,16200.0,,5400.0,107292,10800.0
174,0.0,,126000.0,36793,234000.0
175,,3750.0,,1921,43200.0
176,5520.0,13212.0,,1605,6180.0
177,327600.0,2552.0,,1618,118800.0
178,68400.0,1886.0,,1625,61200.0
179,576000.0,1942.0,,1953,288000.0
180,,1976.0,,896,25200.0
181,,393.0,,1964,144000.0
182,,74.0,,1971,144000.0
183,90000.0,,39600.0,6179,72000.0
184,0.0,,0.0,59227,220020.0
185,13320.0,,13320.0,232,19980.0
186,37680.0,,37680.0,4797,45840.0
187,39600.0,,0.0,55536,0.0
188,32400.0,,25200.0,1307,28800.0
189,,207.0,,1655,36000.0
190,248100.0,13166.0,,1656,
191,,7211.0,,245,
192,,1062.0,,206,36000.0
193,,1342.0,,1993,43200.0
194,,7695.0,,102,
195,,115.0,,227,
196,,6036.0,,103,
197,,1981.0,,1057,126000.0
198,381600.0,1887.0,,251,
199,61200.0,11701.0,,839,43200.0
200,,8924.0,,1350,
201,68400.0,18454.0,,1351,
202,,375.0,,215,
203,10800.0,114420.0,,2215,9000.0
204,43200.0,1164.0,,133,
205,,11208.0,,2261,134940.0
206,,5924.0,,181,
207,,2061.0,,673,72000.0
208,53400.0,7145.0,,145,
209,,6778.0,,202,16800.0
210,34200.0,2001.0,,208,21600.0
211,,538.0,,934,
212,,11133.0,,2071,107700.0
213,,14587.0,,2085,18060.0
214,7560.0,38789.0,,2087,
215,396000.0,1887.0,,213,352800.0
216,,375.0,,219,
217,,533.0,,226,50400.0
218,,1887.0,,303,343200.0
219,,1334.0,,521,9600.0
220,,7334.0,,523,162000.0
221,3600000.0,115.0,,253,540000.0
222,5520.0,6399.0,,266,
223,216000.0,731.0,,271,108000.0
224,,2042.0,,272,28800.0
225,,6574.0,,278,302400.0
226,,3041.0,,315,93600.0
227,,1011.0,,252,
228,86400.0,826.0,,182,25200.0
229,,1979.0,,554,25800.0
230,18000.0,1334.0,,879,
231,,7859.0,,183,51720.0
232,,7670.0,,104,
233,9000.0,26255.0,,1626,
234,,534.0,,1920,123240.0
235,,403.0,,1651,19200.0
236,7200.0,8981.0,,1442,
237,,6632.0,,258,21600.0
238,540000.0,1108.0,,394,36000.0
239,36000.0,1104.0,,397,21600.0
240,252000.0,6032.0,,445,108000.0
241,,1906.0,,1302,10800.0
242,,212.0,,1413,90000.0
243,21600.0,7058.0,,1462,
244,,500.0,,157,39600.0
245,,2638.0,,161,43200.0
246,,890.0,,195,54660.0
247,21600.0,71.0,,467,18000.0
248,,7469.0,,1489,
249,,233.0,,1524,43200.0
250,21600.0,519.0,,1547,
251,39600.0,343.0,,263,28800.0
252,,40.0,,629,36000.0
253,,71.0,,637,14400.0
254,,71.0,,1552,19080.0
255,,9192.0,,722,18000.0
256,,10795.0,,742,13380.0
257,,14593.0,,1829,73800.0
258,,1009.0,,2002,72000.0
259,72000.0,7599.0,,2015,
260,,9898.0,,1294,
261,,7444.0,,1304,32400.0
262,,231.0,,2017,72000.0
263,,6744.0,,2020,72000.0
264,52200.0,37140.0,,2036,46800.0
265,,7323.0,,2084,92280.0
266,,2031.0,,2086,34080.0
267,154800.0,81085.0,,2090,
268,,7838.0,,131,38880.0
269,,2003.0,,209,18600.0
270,,2207.0,,2121,29220.0
271,19500.0,18997.0,,2141,
272,298800.0,2364.0,,458,
273,,6057.0,,640,50400.0
274,,1377.0,,641,18000.0
275,,5508.0,,1056,38760.0
276,,19603.0,,1288,
277,,324.0,,1312,111600.0
278,,3035.0,,1326,7200.0
279,,5416.0,,2196,
280,0.0,,0.0,26840,150810.0
281,90000.0,,2400.0,20,58020.0
282,24540.0,,24540.0,306,24540.0
283,0.0,,0.0,90051,25200.0
284,172800.0,,0.0,7201,0.0
285,50400.0,,36000.0,326,43200.0
286,192000.0,,60000.0,118,135960.0
287,10800.0,,0.0,22917,21600.0
288,6480.0,,2160.0,26102,2160.0
289,18075.0,,12600.0,2939,14400.0
290,8100.0,,0.0,16718,0.0
291,219600.0,,0.0,20740,0.0
292,,5328.0,,489,
293,21600.0,7553.0,,155,
294,,2136.0,,2052,33840.0
295,66600.0,,0.0,9051,0.0
296,324000.0,16.0,,364,180000.0
297,590400.0,,156600.0,7346,354960.0
298,,500.0,,125,
299,,236.0,,1378,
300,,1121.0,,1841,135000.0
301,0.0,,0.0,17259,60.0
302,28800.0,,0.0,22704,0.0
303,100800.0,,3600.0,3020,35400.0
304,14400.0,,3600.0,322,19800.0
305,0.0,,0.0,192,10800.0
306,0.0,,25200.0,27732,32400.0
307,13800.0,31913.0,,1849,13800.0
308,,9504.0,,365,5460.0
309,219600.0,478.0,,504,
310,0.0,,57600.0,317,0.0
311,,1318.0,,398,93600.0
312,,231.0,,96,
313,86400.0,1983.0,,1251,
314,0.0,,0.0,68287,90000.0
315,7200.0,11625.0,,1391,
316,50400.0,,0.0,20832,0.0
317,684000.0,,0.0,2286,144000.0
318,3180.0,,0.0,9786,0.0
319,,352.0,,968,23400.0
320,,1363.0,,164,10800.0
321,590400.0,7346.0,,1855,307800.0
322,,66.0,,165,25200.0
323,108000.0,873.0,,1393,
324,,17540.0,,1399,
325,,122.0,,1423,108000.0
326,79200.0,128.0,,1429,
327,,1128.0,,1437,
328,,2289.0,,1730,48180.0
329,,19798.0,,1860,
330,,71.0,,936,46800.0
331,0.0,,0.0,107212,20880.0
332,,1.0,,1739,144000.0
333,,16477.0,,1746,25200.0
334,16920.0,15741.0,,980,
335,218940.0,2004.0,,1751,
336,,7349.0,,1752,169200.0
337,180000.0,11208.0,,1776,144000.0
338,,117.0,,1795,50400.0
339,14400.0,,0.0,102123,0.0
340,,10142.0,,975,
341,396000.0,,0.0,14177,234000.0
342,273600.0,,72000.0,1337,68400.0
343,40500.0,,0.0,7232,0.0
344,,7721.0,,108,
345,22020.0,,0.0,12366,0.0
346,75600.0,,0.0,7147,37740.0
347,,130.0,,1778,90660.0
348,,2479.0,,185,
349,,2205.0,,190,24000.0
350,,533.0,,1765,72000.0
351,,500.0,,1790,61200.0
352,164100.0,26758.0,,2077,
353,10800.0,97269.0,,2082,7200.0
354,0.0,,0.0,9938,54000.0
355,0.0,,0.0,27304,183600.0
356,21600.0,,5400.0,120933,0.0
357,1008000.0,,216000.0,46960,0.0
358,198000.0,2.0,,982,
359,149220.0,3247.0,,177,52980.0
360,216000.0,,0.0,10,86400.0
361,,233.0,,1938,39600.0
362,24000.0,,8400.0,1051,18702.0
363,57600.0,,0.0,18182,0.0
364,82800.0,,0.0,37030,0.0
365,,1029.0,,1796,54000.0
366,10800.0,1331.0,,1416,
367,,1987.0,,47,
368,,616.0,,194,
369,,6185.0,,196,54600.0
370,,375.0,,218,
371,2224800.0,472.0,,994,
372,230400.0,112.0,,1005,
373,16020.0,7388.0,,1012,
374,9000.0,,3660.0,120558,7200.0
375,,3048.0,,320,
376,,10793.0,,743,
377,259560.0,,0.0,55112,0.0
378,21600.0,,7200.0,35265,12600.0
379,0.0,,7620.0,966,16560.0
380,,558.0,,162,64800.0
381,108000.0,78.0,,230,
382,,988.0,,1455,
383,,8293.0,,312,67740.0
384,180000.0,246.0,,313,75600.0
385,,7725.0,,344,32220.0
386,,1062.0,,415,32400.0
387,134640.0,,0.0,20398,0.0
388,0.0,,20700.0,26855,0.0
389,47700.0,,0.0,6705,20640.0
390,,1151.0,,198,
391,14400.0,7618.0,,899,12600.0
392,,1226.0,,1647,43860.0
393,,1063.0,,1659,1920.0
394,,24220.0,,1665,145680.0
395,27000.0,15862.0,,1670,
396,73440.0,,0.0,89354,0.0
397,143400.0,,0.0,9498,109800.0
398,131940.0,8222.0,,400,
399,252000.0,74.0,,1053,
400,222300.0,,72000.0,3140,162000.0
401,,5060.0,,1690,25200.0
402,91800.0,,0.0,7333,0.0
403,180000.0,501.0,,401,90000.0
404,72000.0,2129.0,,869,
405,,376.0,,874,36900.0
406,,7599.0,,1699,72000.0
407,,11204.0,,1701,14400.0
408,36000.0,40463.0,,1844,21600.0
409,,2207.0,,2045,28680.0
410,,6786.0,,50,
411,,529.0,,214,61200.0
412,,2228.0,,228,50580.0
413,59400.0,,0.0,115284,0.0
414,,11527.0,,1737,154800.0
415,,11092.0,,1740,25200.0
416,201600.0,,57960.0,43,154080.0
417,0.0,,0.0,12198,189480.0
418,,9727.0,,881,36000.0
419,,14748.0,,2182,158400.0
420,0.0,,0.0,51267,206460.0
421,30540.0,,0.0,17146,0.0
422,,1944.0,,54,
423,216000.0,,0.0,11118,0.0
424,136080.0,,74370.0,127,95400.0
425,72000.0,1339.0,,69,46800.0
426,,2064.0,,229,31980.0
427,0.0,,0.0,68447,10800.0
428,,9257.0,,332,
429,50040.0,,0.0,11270,0.0
430,21600.0,,2400.0,32959,0.0
431,10500.0,,0.0,125110,0.0
432,21600.0,,0.0,20909,0.0
433,122400.0,8968.0,,308,
434,,12517.0,,1861,36000.0
435,100800.0,,36000.0,79804,68400.0
436,,431.0,,950,28800.0
437,27000.0,9559.0,,1835,12600.0
438,29520.0,,12600.0,2029,17100.0
439,,14593.0,,2210,97200.0
440,,2909.0,,2213,59520.0
441,144000.0,730.0,,1353,
442,,539.0,,1713,43200.0
443,,1515.0,,1725,49800.0
444,,533.0,,436,36000.0
445,25920.0,,0.0,1924,0.0
446,432000.0,3029.0,,483,324000.0
447,126000.0,,0.0,113114,92100.0
448,77400.0,3025.0,,1167,
449,72000.0,2370.0,,1387,
450,190800.0,12528.0,,1943,
451,0.0,,0.0,26769,54000.0
452,414000.0,,0.0,23913,0.0
453,,2168.0,,30,25260.0
454,216000.0,,0.0,27958,0.0
455,70200.0,,28800.0,3818,32400.0
456,0.0,,12600.0,5736,14400.0
457,72000.0,14719.0,,1083,43200.0
458,21600.0,,0.0,34816,0.0
459,34200.0,7081.0,,593,29700.0
460,36000.0,7444.0,,598,18000.0
461,,3101.0,,309,144000.0
462,0.0,,0.0,2602,18000.0
463,,4851.0,,204,19800.0
464,0.0,,0.0,1062,44742.0
465,97200.0,,0.0,19406,0.0
466,,6801.0,,314,72000.0
467,,1128.0,,894,41760.0
468,,6057.0,,913,57600.0
469,0.0,,0.0,9986,32400.0
470,0.0,,0.0,14361,43200.0
471,0.0,,0.0,14358,36000.0
472,28800.0,,31080.0,1341,37536.0
473,0.0,,0.0,212,97200.0
474,0.0,,0.0,30030,140400.0
475,0.0,,0.0,10120,14400.0
476,,472.0,,615,360000.0
477,,15.0,,617,180000.0
478,,316.0,,628,72000.0
479,900000.0,11156.0,,1960,
480,,59.0,,1346,360000.0
481,,1976.0,,645,14400.0
482,108000.0,1174.0,,714,90000.0
483,86400.0,,0.0,83823,0.0
484,,2064.0,,2095,23940.0
485,,7275.0,,2096,63780.0
486,24420.0,14647.0,,2106,20760.0
487,151200.0,7842.0,,2110,
488,,23158.0,,2072,15720.0
489,219300.0,8902.0,,2103,96480.0
490,,72.0,,2143,14400.0
491,,2151.0,,2111,33720.0
492,0.0,,0.0,19455,216000.0
493,,4.0,,2193,103740.0
494,45420.0,,0.0,9727,38600.0
495,54000.0,7543.0,,926,21600.0
496,17460.0,,0.0,29,0.0
497,,6279.0,,5,22320.0
498,8760.0,8114.0,,515,7200.0
499,90000.0,1000.0,,1379,
0,,1990.0,,1420,14400.0
1,43200.0,1958.0,,1428,
2,180000.0,7057.0,,1461,
3,144000.0,1443.0,,575,76080.0
4,,431.0,,535,34200.0
5,,538.0,,549,46260.0
6,,1013.0,,556,
7,,6898.0,,1315,120000.0
8,324000.0,74.0,,588,
9,144000.0,2148.0,,597,
10,144000.0,14417.0,,1901,108000.0
11,70200.0,2129.0,,1807,43200.0
12,,9498.0,,1812,109800.0
13,,1117.0,,1813,1800.0
14,,11171.0,,1878,183480.0
15,,1267.0,,642,43200.0
16,54000.0,955.0,,1902,36000.0
17,,59573.0,,2149,39600.0
18,,122.0,,2152,28800.0
19,,2993.0,,2159,43200.0
20,36000.0,6247.0,,648,36000.0
21,,76.0,,661,396000.0
22,,472.0,,663,1274400.0
23,,20191.0,,2170,
24,,12431.0,,943,
25,,1062.0,,976,50400.0
26,,18812.0,,2067,216000.0
27,36000.0,538.0,,1047,36000.0
28,,2904.0,,1065,10320.0
29,90000.0,1037.0,,350,72000.0
30,,9505.0,,366,8820.0
31,43200.0,338.0,,1361,
32,32400.0,2935.0,,1382,
33,21600.0,9912.0,,1383,
34,,19531.0,,2076,105300.0
35,,1367.0,,2080,14100.0
36,25200.0,1051.0,,1890,10800.0
37,,7346.0,,2078,477000.0
38,,16198.0,,1388,
39,,41812.0,,2194,18000.0
40,,1363.0,,290,14400.0
41,,1887.0,,291,276660.0
42,,77.0,,675,
43,,6036.0,,293,338400.0
44,,501.0,,552,54960.0
45,,7334.0,,683,108000.0
46,,537.0,,2099,38700.0
47,,979.0,,1067,
48,,379.0,,2101,40560.0
49,,4.0,,564,
50,,7120.0,,2122,61800.0
51,,72.0,,935,46800.0
52,,6737.0,,48,42420.0
53,,247.0,,81,21060.0
54,,231.0,,82,43080.0
55,,7639.0,,88,
56,,7618.0,,707,14400.0
57,7200.0,8900.0,,712,
58,,74.0,,962,133200.0
59,,12503.0,,1168,54000.0
60,,6743.0,,1496,97200.0
61,46800.0,11270.0,,1506,
62,36000.0,27194.0,,1724,21600.0
63,,2290.0,,1731,63780.0
64,18000.0,5892.0,,856,
65,28800.0,9559.0,,882,
66,,12503.0,,1076,46800.0
67,,1564.0,,1908,540.0
68,,7603.0,,1937,21600.0
69,,2595.0,,751,252000.0
70,,1906.0,,793,12000.0
71,,1910.0,,799,28800.0
72,,2175.0,,933,36000.0
73,169980.0,1009.0,,947,129720.0
74,,4379.0,,953,
75,720000.0,16.0,,618,216000.0
76,,281.0,,619,54000.0
77,72000.0,4.0,,631,
78,,129.0,,1779,56640.0
79,10800.0,17728.0,,1787,9000.0
80,18000.0,387.0,,1816,72000.0
81,,2868.0,,1870,108000.0
82,,1970.0,,1822,127500.0
83,,7603.0,,1828,33000.0
84,324000.0,,0.0,78459,0.0
85,,1207.0,,1898,
86,152400.0,,0.0,7323,92280.0
87,457200.0,,0.0,7844,0.0
88,252000.0,885.0,,892,
89,,2155.0,,898,
90,,1985.0,,921,277200.0
91,,538.0,,1928,54600.0
92,,54678.0,,1935,10800.0
93,25200.0,83577.0,,1940,20700.0
94,,37.0,,763,46800.0
95,75600.0,37083.0,,1948,
96,255600.0,11156.0,,1949,
97,,3075.0,,234,76020.0
98,25200.0,,0.0,17625,0.0
99,38400.0,111.0,,1016,
100,,43.0,,1021,
101,86400.0,189.0,,1034,54000.0
102,,1377.0,,1177,27000.0
103,,18622.0,,1180,
104,32400.0,1377.0,,1395,
105,,22783.0,,1877,19800.0
106,,11491.0,,1880,
107,145800.0,530.0,,1883,56700.0
108,64800.0,2940.0,,1912,
109,,127.0,,1927,104400.0
110,,1334.0,,1041,
111,538320.0,1942.0,,1048,90000.0
112,,565.0,,1932,40440.0
113,,873.0,,1933,137160.0
114,0.0,,0.0,11454,273900.0
115,,1561.0,,1966,144000.0
116,150840.0,7334.0,,2105,90960.0
117,,26840.0,,2113,121620.0
118,,11070.0,,2198,17700.0
119,,72049.0,,2199,15960.0
120,54000.0,512.0,,25,43200.0
121,216000.0,1318.0,,79,126000.0
122,,7653.0,,99,14400.0
123,,501.0,,110,
124,,3750.0,,2263,29940.0
125,0.0,,0.0,11204,14100.0
126,0.0,,0.0,4248,2100.0
127,7200.0,,3600.0,32802,5400.0
128,0.0,,0.0,6072,68400.0
129,0.0,,165600.0,36508,0.0
130,,866.0,,1055,
131,,1372.0,,1133,108000.0
132,,1944.0,,1145,36000.0
133,0.0,,1800.0,19069,3600.0
134,,1906.0,,1153,10800.0
135,36000.0,18828.0,,1199,14400.0
136,36000.0,2346.0,,1223,25200.0
137,158400.0,109.0,,1510,
138,0.0,,0.0,9927,466220.0
139,0.0,,0.0,19686,41400.0
140,0.0,,0.0,125564,900.0
141,65880.0,,0.0,10031,0.0
142,0.0,,0.0,49975,2400.0
143,0.0,,35130.0,6913,55200.0
144,0.0,,0.0,916,22410.0
145,0.0,,3360.0,27162,0.0
146,21600.0,,0.0,127327,0.0
147,0.0,,0.0,28168,126000.0
148,43200.0,,0.0,106435,0.0
149,75060.0,,0.0,2417,0.0
150,203400.0,3173.0,,1840,66600.0
151,,71.0,,1843,
152,,15654.0,,1863,
153,,32902.0,,1876,
154,229500.0,39044.0,,1896,
155,0.0,,0.0,35389,4800.0
156,0.0,,0.0,2539,126000.0
157,,2001.0,,768,18000.0
158,66600.0,1164.0,,168,
159,,1121.0,,555,103980.0
160,0.0,,0.0,27888,28800.0
161,,7211.0,,782,12300.0
162,,2368.0,,595,97200.0
163,32400.0,247.0,,485,21600.0
164,79200.0,231.0,,487,54000.0
165,252000.0,533.0,,789,
166,,7334.0,,859,172800.0
167,0.0,,0.0,18440,32400.0
168,144000.0,732.0,,752,54000.0
169,,533.0,,767,118800.0
170,,2904.0,,790,21600.0
171,234000.0,7364.0,,596,
172,,247.0,,605,14400.0
173,199500.0,,151380.0,2878,0.0
174,,232.0,,606,12600.0
175,684000.0,2287.0,,1080,
176,198000.0,,54000.0,2886,89130.0
177,,3043.0,,1094,720000.0
178,,517.0,,1096,28800.0
179,,12597.0,,1798,32400.0
180,90000.0,3008.0,,1433,
181,,987.0,,1453,
182,,3082.0,,1500,10440.0
183,14400.0,22023.0,,1514,7200.0
184,4800.0,28058.0,,1757,
185,,80.0,,503,147600.0
186,21600.0,11060.0,,824,
187,0.0,,0.0,12777,146580.0
188,,2059.0,,1986,72000.0
189,0.0,,0.0,7802,5400.0
190,36000.0,11061.0,,825,21600.0
191,148380.0,,0.0,9232,0.0
192,134400.0,,0.0,109,104400.0
193,,3078.0,,805,44400.0
194,18000.0,2939.0,,807,
195,,6574.0,,845,79200.0
196,,3042.0,,851,111600.0
197,648000.0,1942.0,,1589,432000.0
198,39600.0,5060.0,,762,
199,,22.0,,1800,
200,0.0,,0.0,74584,10800.0
201,,539.0,,1768,43740.0
202,,2136.0,,1992,72000.0
203,0.0,,0.0,103337,309600.0
204,46800.0,14587.0,,1803,19800.0
205,,431.0,,1842,28920.0
206,,26193.0,,1854,32880.0
207,360000.0,1020.0,,720,
208,,1266.0,,729,46800.0
209,,427.0,,736,154800.0
210,,2031.0,,741,31980.0
211,43200.0,1103.0,,748,36000.0
212,0.0,,0.0,36789,5400.0
213,9660.0,,0.0,12489,0.0
214,,1306.0,,749,14400.0
215,,1062.0,,757,57600.0
216,,7661.0,,776,29100.0
217,,500.0,,844,54000.0
218,,38.0,,777,45000.0
219,189000.0,2135.0,,1866,50400.0
220,,379.0,,2088,59100.0
221,,12524.0,,872,54000.0
222,36596340.0,9658.0,,886,
223,281520.0,,0.0,12229,0.0
224,161580.0,,0.0,8732,0.0
225,,7789.0,,865,126000.0
226,7200.0,,2700.0,118219,7200.0
227,79200.0,,54000.0,74701,61200.0
228,0.0,,0.0,121338,4200.0
229,0.0,,18000.0,109591,72000.0
230,108000.0,,73800.0,39,86400.0
231,183600.0,,0.0,40,56140.0
232,0.0,,0.0,6180,43200.0
233,0.0,,0.0,8492,43200.0
234,186300.0,,43560.0,501,94765.0
235,0.0,,0.0,78550,32400.0
236,406140.0,,0.0,3100,0.0
237,360000.0,,54000.0,13361,180000.0
238,8340.0,,0.0,81786,0.0
239,76800.0,,0.0,733,108000.0
240,198120.0,,0.0,2461,0.0
241,1800.0,,600.0,128168,1200.0
242,0.0,,0.0,74688,14400.0
243,0.0,,9120.0,880,0.0
244,58140.0,2031.0,,1766,
245,0.0,,0.0,37777,50400.0
246,113040.0,,0.0,7414,0.0
247,360000.0,246.0,,1753,
248,72000.0,2129.0,,795,
249,,5619.0,,816,
250,,1267.0,,750,54000.0
251,,500.0,,764,90000.0
252,,2003.0,,765,86400.0
253,180000.0,,0.0,27421,0.0
254,,1333.0,,770,120.0
255,36600.0,7116.0,,406,13200.0
256,365996340.0,1372.0,,771,
257,28800.0,2148.0,,1432,
258,158100.0,,0.0,9231,0.0
259,,522.0,,1445,90000.0
260,,1334.0,,1089,10800.0
261,,1269.0,,496,126000.0
262,,2629.0,,1452,
263,,1517.0,,531,108000.0
264,,2438.0,,1467,46800.0
265,3600.0,3192.0,,820,2700.0
266,7200.0,9603.0,,823,
267,7800.0,1104.0,,482,7200.0
268,,359.0,,1771,200280.0
269,50400.0,7344.0,,773,36000.0
270,169200.0,,0.0,107300,0.0
271,39600.0,66.0,,798,
272,0.0,,0.0,118284,2400.0
273,407400.0,,0.0,7734,0.0
274,,376.0,,1070,34200.0
275,,3693.0,,1472,
276,288000.0,7349.0,,1772,
277,0.0,,0.0,111001,288000.0
278,0.0,,0.0,20546,0.0
279,66600.0,1789.0,,801,
280,,2685.0,,1473,
281,0.0,,0.0,13171,40140.0
282,23400.0,2354.0,,1810,15300.0
283,22800.0,,0.0,5025,13500.0
284,,2132.0,,1139,
285,,418.0,,835,180000.0
286,15120.0,,0.0,8794,3600.0
287,,105.0,,857,64800.0
288,37800.0,102129.0,,2221,
289,1800.0,114781.0,,2223,900.0
290,90000.0,3.0,,2224,
291,0.0,,0.0,52279,10800.0
292,20160.0,15742.0,,2225,
293,126000.0,128.0,,2226,72000.0
294,21600.0,5821.0,,1444,
295,,8353.0,,1146,148800.0
296,0.0,,0.0,36044,0.0
297,108000.0,109.0,,1458,
298,72000.0,138.0,,1459,
299,29700.0,3022.0,,2227,20700.0
300,0.0,,0.0,12595,0.0
301,568140.0,,0.0,11406,0.0
302,33480.0,,0.0,12057,0.0
303,,14763.0,,2230,43200.0
304,,753.0,,32,
305,0.0,,0.0,8622,0.0
306,97200.0,1162.0,,811,
307,0.0,,0.0,83500,0.0
308,,6632.0,,646,21600.0
309,62400.0,6250.0,,813,
310,,375.0,,216,
311,,7331.0,,1274,58200.0
312,,1030.0,,1727,101760.0
313,108000.0,233.0,,449,72000.0
314,,3042.0,,652,162000.0
315,,2033.0,,659,36360.0
316,121440.0,3025.0,,672,
317,,2939.0,,690,14400.0
318,,1377.0,,702,28800.0
319,540000.0,1942.0,,755,144000.0
320,,14872.0,,2236,3600.0
321,72000.0,113673.0,,2237,25200.0
322,0.0,,0.0,2933,0.0
323,31320.0,13661.0,,2239,
324,,75848.0,,2246,126000.0
325,0.0,,0.0,24426,0.0
326,,1942.0,,1159,180000.0
327,,2291.0,,1200,11400.0
328,,2935.0,,107,33300.0
329,43620.0,7578.0,,150,
330,28800.0,6744.0,,151,28800.0
331,,7444.0,,222,28800.0
332,54000.0,8749.0,,1464,
333,43200.0,546.0,,1466,
334,,495.0,,796,50400.0
335,43200.0,7404.0,,1733,21600.0
336,36600.0,7116.0,,408,13200.0
337,,39.0,,456,
338,,7194.0,,460,
339,36000.0,1983.0,,474,28800.0
340,480660.0,2985.0,,476,
341,660.0,17131.0,,1745,7200.0
342,,1979.0,,746,216000.0
343,,3812.0,,1785,28860.0
344,,1906.0,,566,10800.0
345,21960.0,5025.0,,573,
346,7200.0,6171.0,,815,
347,,3025.0,,639,82800.0
348,126000.0,75.0,,1491,
349,18000.0,11276.0,,1492,
350,,12517.0,,1799,40440.0
351,522000.0,9553.0,,778,216000.0
352,,5328.0,,779,3600.0
353,,111.0,,784,32400.0
354,,64.0,,2153,46020.0
355,,3097.0,,809,37800.0
356,201600.0,1318.0,,2165,
357,,14360.0,,2247,8220.0
358,10800.0,9246.0,,328,
359,,9427.0,,340,2940.0
360,,1770.0,,875,37800.0
361,,12070.0,,876,21600.0
362,18000.0,8506.0,,877,14400.0
363,48960.0,3750.0,,2171,
364,,11161.0,,2173,72000.0
365,72000.0,505.0,,477,57600.0
366,,3035.0,,1700,7200.0
367,6000.0,11233.0,,1782,
368,126000.0,3131.0,,883,12600.0
369,,11765.0,,895,600.0
370,43320.0,3232.0,,716,
371,,25076.0,,2216,370800.0
372,,1112.0,,388,75600.0
373,43200.0,1074.0,,452,36000.0
374,226800.0,501.0,,492,
375,,533.0,,687,48360.0
376,,2448.0,,692,21600.0
377,,1062.0,,715,43200.0
378,,536.0,,717,72000.0
379,,3195.0,,728,32400.0
380,,421.0,,737,180000.0
381,,2621.0,,769,7200.0
382,,6337.0,,774,
383,,118.0,,780,169200.0
384,104400.0,509.0,,804,
385,,65.0,,806,28800.0
386,,6247.0,,812,19800.0
387,39600.0,1342.0,,920,36000.0
388,,3230.0,,942,50520.0
389,,8975.0,,961,140400.0
390,,2129.0,,969,
391,,7344.0,,1526,28800.0
392,,8259.0,,2264,11160.0
393,,14748.0,,2304,201600.0
394,50400.0,7344.0,,2307,
395,,14593.0,,2312,198000.0
396,,86457.0,,2313,20580.0
397,,1183.0,,2316,327600.0
398,,11397.0,,2328,257460.0
399,25200.0,,31710.0,117778,18000.0
400,0.0,,0.0,127409,1080.0
401,0.0,,21660.0,26226,75600.0
402,321690.0,,162000.0,19564,212400.0
403,28800.0,22783.0,,2329,
404,,1086.0,,2330,
405,,12840.0,,2332,120.0
406,,11092.0,,2333,24360.0
407,15300.0,2001.0,,2335,
408,273600.0,3025.0,,2336,
409,,90083.0,,2337,23220.0
410,,19456.0,,2338,46800.0
411,122400.0,1270.0,,2339,
412,18420.0,,18420.0,909,18420.0
413,,425.0,,1978,216000.0
414,19200.0,,19200.0,1831,19200.0
415,,512.0,,2008,72000.0
416,15600.0,,15600.0,621,15600.0
417,120840.0,,0.0,2868,108000.0
418,156840.0,,0.0,2867,0.0
419,371100.0,,0.0,7733,0.0
420,,1377.0,,1124,25200.0
421,100800.0,4.0,,1126,
422,94860.0,,0.0,17160,0.0
423,432000.0,11800.0,,1885,360000.0
424,,431.0,,1191,24300.0
425,,565.0,,1192,34200.0
426,61200.0,1151.0,,1338,
427,,10479.0,,1501,27360.0
428,,1029.0,,1728,67680.0
429,,27332.0,,1734,
430,25200.0,6066.0,,1749,
431,28800.0,2640.0,,1891,18000.0
432,,1082.0,,1899,
433,14400.0,29147.0,,1900,
434,65520.0,63.0,,205,
435,124880.0,,0.0,2935,21300.0
436,25200.0,,7200.0,1331,12471.0
437,0.0,,0.0,1889,128760.0
438,435960.0,,0.0,8040,28800.0
439,136800.0,7351.0,,1621,
440,39120.0,12503.0,,1641,
441,,731.0,,1915,119820.0
442,,26193.0,,1917,31800.0
443,,2480.0,,1929,94260.0
444,18000.0,,0.0,15995,0.0
445,0.0,,99180.0,104971,0.0
446,,232.0,,1934,18000.0
447,21600.0,8587.0,,323,14400.0
448,,40.0,,542,74820.0
449,252000.0,7334.0,,686,144000.0
450,18000.0,11346.0,,1364,
451,108000.0,7386.0,,1888,72000.0
452,,1990.0,,723,
453,,5772.0,,908,28800.0
454,0.0,,0.0,10760,0.0
455,0.0,,0.0,14900,0.0
456,,4758.0,,1609,14400.0
457,,11545.0,,1616,42000.0
458,,3082.0,,1091,4800.0
459,,3097.0,,1129,32400.0
460,212400.0,78.0,,1166,
461,108000.0,39.0,,1941,86400.0
462,,6036.0,,1193,52560.0
463,,1985.0,,1208,360000.0
464,,1377.0,,1214,25200.0
465,,9533.0,,1093,28800.0
466,,71.0,,1120,
467,,1439.0,,1173,
468,,18283.0,,1178,
469,,4598.0,,2331,1800.0
470,,43.0,,1092,183600.0
471,,9878.0,,1228,
472,,68450.0,,2334,7980.0
473,36000.0,3232.0,,2340,
474,216000.0,118.0,,917,90000.0
475,,9260.0,,1780,58920.0
476,,322.0,,1797,28800.0
477,,6066.0,,1811,21600.0
478,,1331.0,,1824,12600.0
479,,2368.0,,1845,421200.0
480,,1029.0,,608,72000.0
481,,2499.0,,91,43020.0
482,,2939.0,,223,14400.0
483,72000.0,1164.0,,1127,
484,82800.0,1340.0,,993,
485,684000.0,2286.0,,1081,
486,,2853.0,,1088,18000.0
487,,10938.0,,929,
488,7200.0,3035.0,,1125,
489,360000.0,545.0,,1131,
490,,6036.0,,1052,95400.0
491,11700.0,11625.0,,1553,
492,,2136.0,,1608,40020.0
493,216000.0,2552.0,,1629,
494,180000.0,10962.0,,1636,
495,,18011.0,,1643,8880.0
496,,396.0,,1649,13740.0
497,52800.0,419.0,,1654,
498,158400.0,3077.0,,1064,
499,720000.0,2287.0,,1079,
0,144000.0,1318.0,,1084,90000.0
1,,544.0,,1090,25200.0
2,,1063.0,,1179,
3,,9630.0,,1185,216000.0
4,,5062.0,,1705,61200.0
5,,1983.0,,1712,46800.0
6,169380.0,1020.0,,2186,93480.0
7,340380.0,1819.0,,2220,
8,23040.0,9638.0,,2240,
9,,6081.0,,1721,
10,17160.0,1352.0,,1674,
11,15660.0,7388.0,,1676,
12,16680.0,1653.0,,1681,
13,360000.0,427.0,,1977,270000.0
14,,1677.0,,1980,90000.0
15,,13171.0,,2248,47880.0
16,,17847.0,,2265,13980.0
17,,2368.0,,1994,288000.0
18,,529.0,,1995,72000.0
19,,36950.0,,2305,54000.0
20,,1267.0,,2308,50400.0
21,10800.0,8900.0,,1490,
22,190800.0,3020.0,,1498,
23,51120.0,7635.0,,1503,
24,,18038.0,,1736,107100.0
25,,836.0,,1756,43200.0
26,,7331.0,,1682,
27,,7610.0,,1688,39600.0
28,,7331.0,,1926,64800.0
29,,2549.0,,2019,36000.0
30,,22439.0,,2027,432000.0
31,4800.0,2301.0,,2038,3600.0
32,,2903.0,,1184,1080000.0
33,,6328.0,,1186,
34,,12482.0,,2314,9180.0
35,,32476.0,,2318,36000.0
36,86400.0,1164.0,,1762,
37,4020.0,,0.0,28852,0.0
38,55200.0,5541.0,,1531,
39,57600.0,,0.0,51528,0.0
40,,2001.0,,1857,
41,,30206.0,,2266,119460.0
42,,3751.0,,1465,
43,144000.0,339.0,,1485,
44,126000.0,3171.0,,1486,
45,18000.0,18222.0,,1493,
46,34080.0,6812.0,,52,
47,14400.0,2990.0,,1375,
48,54000.0,1161.0,,1404,
49,,21.0,,1410,25200.0
50,72000.0,2207.0,,2000,
51,454740.0,2985.0,,2108,425160.0
52,,20.0,,838,54000.0
53,12960.0,35541.0,,2306,
54,,7327.0,,2309,25200.0
55,,20907.0,,2315,3720.0
56,,1561.0,,2319,172800.0
57,,231.0,,2016,72000.0
58,,55688.0,,2341,43200.0
59,,7349.0,,2342,126000.0
60,2760.0,117775.0,,2343,
61,79200.0,72.0,,1499,
62,,5892.0,,1502,39600.0
63,31320.0,3035.0,,1509,
64,,7638.0,,87,
65,162000.0,478.0,,92,
66,,1906.0,,2347,8340.0
67,900.0,117996.0,,2350,600.0
68,,478.0,,2048,82800.0
69,,6705.0,,2049,20640.0
70,144000.0,8187.0,,2057,90000.0
71,,80853.0,,2083,36000.0
72,,538.0,,1411,57600.0
73,,5440.0,,437,
74,,5619.0,,1580,288000.0
75,,9435.0,,1140,21600.0
76,,7344.0,,440,26700.0
77,3600.0,2473.0,,2351,2700.0
78,743040.0,45178.0,,2352,
79,504000.0,118203.0,,2353,
80,,1919.0,,1533,
81,252000.0,6032.0,,443,108000.0
82,,2369.0,,58,14400.0
83,,4752.0,,98,
84,,429.0,,1544,32700.0
85,,3150.0,,1551,59700.0
86,,1266.0,,1559,100800.0
87,720000.0,21874.0,,1569,288000.0
88,21600.0,15024.0,,997,
89,86400.0,544.0,,1007,
90,,986.0,,126,
91,446400.0,1942.0,,1148,234000.0
92,,5601.0,,1175,55440.0
93,,14702.0,,1287,6120.0
94,,19331.0,,1259,
95,54000.0,1871.0,,1548,
96,451560.0,59.0,,1555,
97,36000.0,7170.0,,1568,18000.0
98,,1970.0,,1575,
99,,1341.0,,1597,43200.0
100,,2853.0,,786,19800.0
101,,71.0,,146,12600.0
102,,520.0,,791,58800.0
103,,23354.0,,1639,14400.0
104,,3211.0,,1198,
105,,15925.0,,1202,6300.0
106,15600.0,19844.0,,1297,
107,,431.0,,2006,72000.0
108,,8678.0,,1344,
109,37800.0,10049.0,,2356,37800.0
110,123660.0,1372.0,,1319,46380.0
111,,9192.0,,938,21600.0
112,,7331.0,,2010,72000.0
113,,232.0,,2018,36000.0
114,,7444.0,,2046,
115,,10089.0,,1324,8160.0
116,55800.0,231.0,,147,43200.0
117,,3109.0,,643,18000.0
118,25200.0,247.0,,1362,
119,21600.0,18642.0,,1295,
120,7200.0,9541.0,,1332,
121,14400.0,6778.0,,1386,
122,,472.0,,1160,576000.0
123,72000.0,12503.0,,1169,
124,540000.0,7789.0,,430,180000.0
125,,4754.0,,432,64800.0
126,36000000.0,2963.0,,450,7200000.0
127,,9813.0,,1285,
128,,2899.0,,453,72000.0
129,360000000.0,121.0,,470,72000.0
130,,2601.0,,1427,7200.0
131,126000.0,127.0,,1430,
132,54000.0,2317.0,,821,
133,90000.0,1042.0,,1369,
134,28800.0,8762.0,,1374,
135,,1331.0,,1582,11700.0
136,86400.0,6574.0,,1583,
137,144000.0,5503.0,,1311,
138,4800.0,9497.0,,1327,
139,46800.0,500.0,,1330,
140,13500.0,109419.0,,2217,
141,,113.0,,842,72420.0
142,36000.0,2172.0,,1610,36000.0
143,,11133.0,,1296,216000.0
144,21660.0,18013.0,,1313,10800.0
145,38160.0,19.0,,1513,
146,,3020.0,,2232,45000.0
147,38520.0,55935.0,,2241,
148,,295.0,,1613,
149,,5025.0,,1744,11700.0
150,,8635.0,,1747,16800.0
151,,19562.0,,1773,37500.0
152,,7543.0,,1784,28320.0
153,,14390.0,,1808,28800.0
154,,113.0,,1848,
155,,26193.0,,2357,31500.0
156,37500.0,3097.0,,2359,
157,,19561.0,,2360,57600.0
158,198000.0,11393.0,,2362,90000.0
159,126000.0,11059.0,,2361,54000.0
160,86400.0,6057.0,,2363,
161,,7635.0,,86,37440.0
162,,6.0,,257,720000.0
163,,500.0,,274,46800.0
164,,558.0,,283,64800.0
165,0.0,,7200.0,978,21600.0
166,0.0,,0.0,959,82800.0
167,360000.0,343.0,,264,25200.0
168,540000.0,,0.0,1059,0.0
169,0.0,,5400.0,967,0.0
170,,3265.0,,270,
171,126000.0,7482.0,,305,86400.0
172,,9178.0,,327,
173,,836.0,,331,25200.0
174,15900.0,109422.0,,2219,
175,,370.0,,2233,172800.0
176,19440.0,3035.0,,2242,
177,,62466.0,,2250,1140.0
178,,1029.0,,347,180000.0
179,,18689.0,,2267,13800.0
180,31200.0,,0.0,1925,0.0
181,,960.0,,2310,43200.0
182,,76075.0,,2320,
183,54000.0,7609.0,,937,28800.0
184,,1352.0,,772,14400.0
185,,2599.0,,319,46800.0
186,70200.0,2924.0,,787,
187,,4754.0,,1087,64800.0
188,,9730.0,,2348,19800.0
189,360000.0,1979.0,,265,28800.0
190,,519.0,,1098,14400.0
191,,385.0,,1252,
192,,19331.0,,1258,
193,72000.0,1384.0,,153,21600.0
194,90000.0,4754.0,,718,
195,432000.0,472.0,,455,
196,,2686.0,,355,72000.0
197,79200.0,2345.0,,356,54000.0
198,,988.0,,368,
199,,5638.0,,369,18000.0
200,,7211.0,,243,
201,,534.0,,1303,
202,416340.0,2997.0,,1317,362340.0
203,130320.0,74.0,,256,103260.0
204,,10528.0,,725,
205,,1871.0,,262,63000.0
206,,493.0,,318,
207,36000.0,1576.0,,578,
208,,519.0,,280,18000.0
209,,3153.0,,289,21600.0
210,,7735.0,,294,
211,288000.0,2368.0,,461,
212,,3022.0,,416,
213,,2364.0,,480,234000.0
214,280800.0,885.0,,422,
215,46800.0,5623.0,,423,36000.0
216,,9053.0,,1260,10800.0
217,,28540.0,,1895,241200.0
218,,559.0,,1930,24480.0
219,,2249.0,,1931,54600.0
220,70440.0,85831.0,,1947,
221,23400.0,1256.0,,454,
222,21600.0,72.0,,468,14400.0
223,432000.0,1819.0,,922,288000.0
224,,3140.0,,636,162000.0
225,151200.0,6328.0,,822,
226,,375.0,,647,37920.0
227,,148.0,,650,36000.0
228,,1051.0,,653,21600.0
229,,979.0,,658,90000.0
230,,1638.0,,685,32400.0
231,5460.0,10967.0,,995,
232,,1156.0,,1188,68400.0
233,48840.0,11078.0,,2204,36900.0
234,,5082.0,,2139,306000.0
235,,71.0,,2144,9000.0
236,,1517.0,,27,271620.0
237,8160.0,9865.0,,1680,
238,828000.0,3182.0,,572,
239,144000.0,3349.0,,584,54000.0
240,,56.0,,614,216000.0
241,14400.0,7690.0,,744,10800.0
242,,10939.0,,745,76260.0
243,,501.0,,766,115200.0
244,324000.0,1887.0,,973,
245,31800.0,9638.0,,579,18000.0
246,216000.0,118.0,,918,90000.0
247,900000.0,1887.0,,919,252000.0
248,,2552.0,,927,144000.0
249,,3082.0,,972,5400.0
250,199800.0,8593.0,,985,
251,,109.0,,984,108000.0
252,9780.0,8678.0,,992,
253,,5540.0,,139,47460.0
254,,5445.0,,144,
255,,501.0,,158,108000.0
256,,65.0,,166,23400.0
257,,7047.0,,170,349200.0
258,,3153.0,,173,
259,,7650.0,,203,43620.0
260,,4847.0,,220,57600.0
261,,5328.0,,853,7200.0
262,90000.0,7062.0,,858,
263,367200.0,2132.0,,871,
264,32400.0,2525.0,,1952,25200.0
265,15240.0,,15240.0,624,15240.0
266,,21599.0,,1637,6300.0
267,136260.0,,0.0,248,0.0
268,0.0,,0.0,191,0.0
269,,1384.0,,221,21600.0
270,23460.0,13101.0,,1679,
271,,472.0,,700,216000.0
272,39600.0,8382.0,,827,
273,,2132.0,,887,360000.0
274,,493.0,,187,31440.0
275,21600.0,1354.0,,1685,
276,,2853.0,,1686,22200.0
277,,9630.0,,1698,486000.0
278,,12579.0,,1872,147600.0
279,396000.0,11800.0,,1884,
280,18000.0,109421.0,,2218,
281,,565.0,,211,72000.0
282,,371.0,,2234,
283,,2003.0,,159,86400.0
284,,873.0,,167,55800.0
285,,14593.0,,1892,90180.0
286,391200.0,14548.0,,1893,201600.0
287,,5606.0,,2098,67020.0
288,,1150.0,,197,
289,3600000.0,1058.0,,210,360000.0
290,,1979.0,,903,
291,,6341.0,,235,
292,,7099.0,,915,
293,19080.0,33904.0,,2243,
294,,108787.0,,2251,14100.0
295,,8254.0,,321,45960.0
296,,118.0,,329,214560.0
297,,81350.0,,2268,13080.0
298,,2129.0,,2311,21600.0
299,,7879.0,,224,1620.0
300,108000.0,2355.0,,923,32400.0
301,252000.0,498.0,,949,
302,,1164.0,,225,32400.0
303,5880.0,29895.0,,2321,
304,,11233.0,,2349,8820.0
305,,231.0,,1066,
306,,72.0,,420,21600.0
307,241440.0,427.0,,267,
308,,9265.0,,335,
309,,7386.0,,382,90000.0
310,,518.0,,285,14400.0
311,,111.0,,435,25200.0
312,360000.0,1011.0,,442,252000.0
313,298800.0,2364.0,,457,
314,,4.0,,510,85500.0
315,7200.0,8181.0,,301,
316,,5924.0,,179,
317,,5647.0,,1095,
318,,518.0,,1097,14400.0
319,,1381.0,,1118,72000.0
320,,8652.0,,2123,31140.0
321,,7599.0,,2142,46800.0
322,,1283.0,,2156,18000.0
323,,142.0,,286,32400.0
324,,2853.0,,287,18000.0
325,180000.0,837.0,,734,144000.0
326,540000.0,59.0,,292,180000.0
327,,127.0,,300,118800.0
328,,1990.0,,334,
329,,2476.0,,2209,47400.0
330,,1962.0,,1322,77460.0
331,396000.0,425.0,,337,
332,,11130.0,,754,7200.0
333,,21.0,,760,43200.0
334,,59.0,,901,
335,300.0,3792.0,,1431,
336,,2751.0,,1447,
337,2400.0,8115.0,,1328,
338,,7211.0,,249,
339,,3015.0,,241,5400.0
340,11520000.0,123.0,,576,720000.0
341,,623.0,,1130,
342,273600.0,10919.0,,1147,154800.0
343,,2973.0,,607,21600.0
344,,375.0,,1069,32400.0
345,9180.0,7171.0,,1667,
346,20280.0,10088.0,,1673,
347,,3075.0,,152,72000.0
348,,1979.0,,1158,
349,,2671.0,,1451,
350,162000.0,847.0,,1471,
351,72000.0,8354.0,,1478,
352,57600.0,1347.0,,1484,
353,,1182.0,,1634,68400.0
354,,2207.0,,1596,30600.0
355,,18221.0,,1611,
356,600.0,18061.0,,1612,600.0
357,,127.0,,1632,100800.0
358,108000.0,491.0,,1633,
359,,7120.0,,1645,77340.0
360,,7122.0,,1646,23520.0
361,,24220.0,,1666,145680.0
362,,6880.0,,1703,43200.0
363,,27028.0,,1715,4800.0
364,172080.0,1815.0,,2079,
365,,36897.0,,2092,20700.0
366,,6036.0,,2093,62820.0
367,734400.0,17000.0,,1951,
368,,1561.0,,1965,144000.0
369,,338.0,,84,14520.0
370,,5797.0,,93,53700.0
371,86400.0,,0.0,506,0.0
372,104700.0,19565.0,,2178,
373,201600.0,43.0,,656,
374,36000.0,,0.0,186,0.0
375,23400.0,23245.0,,1578,23400.0
376,86400.0,6574.0,,1584,
377,201600.0,43.0,,657,
378,,7211.0,,662,14400.0
379,,6632.0,,681,
380,,3242.0,,694,14400.0
381,,72.0,,710,28800.0
382,,9066.0,,1587,720000.0
383,,4756.0,,711,43200.0
384,79560.0,6036.0,,719,52200.0
385,,740.0,,726,46320.0
386,57900.0,10232.0,,1914,
387,,3762.0,,2050,22140.0
388,19200.0,18484.0,,1601,16200.0
389,43200.0,18320.0,,1603,43200.0
390,,538.0,,1801,
391,5400.0,87514.0,,2066,3600.0
392,,16587.0,,1217,108000.0
393,,105342.0,,2189,
394,10800.0,732.0,,486,43200.0
395,230400.0,1267.0,,1220,108000.0
396,39600.0,7634.0,,830,
397,25200.0,8652.0,,1221,18000.0
398,,8222.0,,861,252000.0
399,,20.0,,863,79200.0
400,,9806.0,,1234,32400.0
401,417600.0,7789.0,,888,
402,,1593.0,,1181,
403,,5631.0,,907,180000.0
404,,18312.0,,1241,
405,,7331.0,,1255,50400.0
406,,9878.0,,1227,
407,,19173.0,,1238,
408,,13171.0,,939,32400.0
409,,1164.0,,1540,58320.0
410,180000.0,2552.0,,1809,126000.0
411,159660.0,19531.0,,1820,
412,,6250.0,,649,28800.0
413,,37.0,,893,30000.0
414,,2155.0,,900,208800.0
415,,231.0,,902,39600.0
416,,13187.0,,914,10800.0
417,,24398.0,,1644,60900.0
418,,26712.0,,1650,12840.0
419,,8774.0,,1218,14400.0
420,,6341.0,,1189,
421,72000.0,2591.0,,1210,21600.0
422,75000.0,3042.0,,677,64080.0
423,20820.0,6732.0,,1664,
424,,499.0,,2188,
425,,1334.0,,1281,13800.0
426,712800.0,1942.0,,1219,
427,,2116.0,,1298,54000.0
428,,22038.0,,1516,9660.0
429,,22181.0,,1520,
430,,2262.0,,1529,144000.0
431,,2924.0,,200,37920.0
432,,1377.0,,1494,25200.0
433,,15067.0,,1396,1200.0
434,43200.0,6942.0,,1438,
435,,14674.0,,1859,258300.0
436,,71.0,,288,10800.0
437,,239.0,,1683,
438,,3153.0,,1704,28800.0
439,,207.0,,2191,28800.0
440,,7693.0,,171,16560.0
441,,29004.0,,2206,39600.0
442,,495.0,,1536,
443,130500.0,873.0,,1537,
444,,1152.0,,199,
445,,375.0,,217,
446,129600.0,537.0,,1560,
447,,28204.0,,1957,
448,,6898.0,,2117,71100.0
449,,14593.0,,2195,144000.0
450,,372.0,,2235,126000.0
451,97200.0,529.0,,2244,
452,,14945.0,,2252,7920.0
453,57600.0,26228.0,,2269,
454,2280.0,59145.0,,2322,
455,64800.0,562.0,,810,
456,,7391.0,,818,32400.0
457,,9772.0,,831,
458,439200.0,2132.0,,864,
459,,379.0,,867,49440.0
460,,7171.0,,884,14400.0
461,,1157.0,,1203,
462,,14593.0,,2137,136800.0
463,,7599.0,,904,55200.0
464,,7599.0,,905,54000.0
465,,14546.0,,925,53760.0
466,,545.0,,932,
467,,12021.0,,944,
468,,19911.0,,1741,84600.0
469,25200.0,15862.0,,1748,
470,396000.0,472.0,,497,
471,,2063.0,,507,45420.0
472,,22358.0,,1567,3600.0
473,,36952.0,,1903,78120.0
474,4500.0,,4320.0,587,3900.0
475,,3265.0,,610,10800.0
476,,732.0,,611,108000.0
477,144000.0,,0.0,620,0.0
478,360000.0,73.0,,1525,144000.0
479,,1976.0,,1545,28800.0
480,,836.0,,1566,
481,15120.0,8794.0,,2245,
482,,836.0,,2253,43200.0
483,,83731.0,,2270,79200.0
484,,80.0,,1573,244800.0
485,61200.0,7289.0,,2323,
486,2100.0,68533.0,,1869,1500.0
487,,6347.0,,1907,2340.0
488,39600.0,11821.0,,1349,
489,144000.0,6574.0,,1585,
490,,3153.0,,2053,
491,288000.0,2155.0,,526,216000.0
492,136800.0,109.0,,1110,
493,,9425.0,,516,
494,,24220.0,,2115,163020.0
495,,6890.0,,354,
496,,7344.0,,410,21600.0
497,,6032.0,,591,86400.0
498,,1343.0,,600,108000.0
499,162000.0,732.0,,1356,
0,,9727.0,,1586,36600.0
1,648000.0,22439.0,,1590,432000.0
2,,7477.0,,1858,258300.0
3,28800.0,12751.0,,1955,18000.0
4,,2591.0,,602,3600.0
5,,2031.0,,586,25200.0
6,144000.0,498.0,,590,
7,766800.0,2132.0,,439,
8,252000.0,6032.0,,444,108000.0
9,,1050.0,,464,86400.0
10,,512.0,,2120,
11,,1050.0,,465,86400.0
12,46800.0,9655.0,,592,
13,,75540.0,,2134,14400.0
14,,434.0,,609,72000.0
15,,10232.0,,2160,36000.0
16,495540.0,9577.0,,2174,378120.0
17,,36952.0,,2177,76200.0
18,43200.0,6189.0,,466,36000.0
19,37500.0,7860.0,,577,
20,31800.0,9638.0,,580,18000.0
21,,5133.0,,581,221160.0
22,,21.0,,627,18000.0
23,,1881.0,,698,255600.0
24,14400000.0,115.0,,574,198000.0
25,39600.0,62.0,,819,
26,162000.0,530.0,,703,
27,,498.0,,1299,111600.0
28,28800.0,1991.0,,1348,
29,,2853.0,,1412,21600.0
30,288000.0,2155.0,,525,216000.0
31,,80.0,,655,252000.0
32,720000.0,7789.0,,668,
33,108000.0,2132.0,,669,
34,,9730.0,,2181,16200.0
35,126000.0,1078.0,,360,90000.0
36,54000.0,1108.0,,395,36000.0
37,144000.0,2155.0,,532,
38,,121.0,,426,
39,,9557.0,,680,
40,,233.0,,688,50400.0
41,,891.0,,696,334800.0
42,,7116.0,,1657,-46800.0
43,,1104.0,,1660,10260.0
44,,1963.0,,1661,8940.0
45,,6732.0,,1663,20820.0
46,6480.0,14527.0,,1669,
47,,5508.0,,1707,46800.0
48,,11194.0,,1862,62340.0
49,,11156.0,,1868,196020.0
50,144000.0,3349.0,,585,54000.0
51,,250.0,,622,54000.0
52,,22.0,,635,46800.0
53,180000.0,77.0,,674,108000.0
54,,671.0,,682,273600.0
55,,1265.0,,695,111600.0
56,,2935.0,,705,10800.0
57,54000.0,244.0,,724,
58,,1020.0,,727,360000.0
59,,71.0,,613,10800.0
60,154800.0,73.0,,747,
61,,1334.0,,758,18000.0
62,,1062.0,,759,39600.0
63,205200.0,501.0,,785,
64,108000.0,1339.0,,803,
65,,12070.0,,1600,21600.0
66,,1985.0,,1614,
67,216000.0,1318.0,,814,
68,,490.0,,854,28800.0
69,,1164.0,,638,39600.0
70,7200.0,25775.0,,1615,
71,183600.0,7323.0,,1620,
72,,10962.0,,2009,216000.0
73,,338.0,,2022,36000.0
74,,59848.0,,2028,64800.0
75,100800.0,11394.0,,2124,
76,,427.0,,2166,239940.0
77,138420.0,6898.0,,237,
78,,1331.0,,699,10800.0
79,14400.0,8876.0,,708,14400.0
80,5400000.0,2903.0,,1247,720000.0
81,3.0,9604.0,,583,3600.0
82,,533.0,,594,72000.0
83,,6167.0,,201,17400.0
84,,2126.0,,589,61200.0
85,,26363.0,,2200,23280.0
86,,5780.0,,2254,40380.0
87,,5495.0,,1592,32940.0
88,,1341.0,,1599,36000.0
89,423720.0,11667.0,,2203,296880.0
90,,24017.0,,1594,
91,126000.0,733.0,,1357,
92,64800.0,44.0,,1380,
93,120.0,22406.0,,2094,300.0
94,,71.0,,1418,10800.0
95,,18100.0,,2118,124020.0
96,,9806.0,,2119,22740.0
97,,21897.0,,2271,9720.0
98,70140.0,10232.0,,1755,
99,,3802.0,,1760,126000.0
100,28800.0,9730.0,,1774,
101,39600.0,17026.0,,1804,21600.0
102,,651.0,,1142,3600.0
103,1200.0,89989.0,,2127,1200.0
104,,20283.0,,1805,118800.0
105,,1331.0,,1563,14400.0
106,,1270.0,,1635,75600.0
107,,2031.0,,1825,41100.0
108,,7477.0,,1830,115200.0
109,43200.0,8371.0,,1839,32400.0
110,,127.0,,1847,
111,,24105.0,,1852,26100.0
112,,15731.0,,1648,720.0
113,229500.0,28540.0,,1897,
114,5400.0,74991.0,,1905,
115,,6803.0,,1197,32400.0
116,,134.0,,2133,
117,,3020.0,,2147,50400.0
118,,2939.0,,2158,10800.0
119,1800.0,6775.0,,2167,1800.0
120,,7205.0,,1073,
121,,471.0,,1085,
122,,520.0,,1099,
123,14400.0,11346.0,,1211,10800.0
124,486000.0,472.0,,156,
125,,1334.0,,160,7200.0
126,,1314.0,,163,14400.0
127,,1377.0,,1213,25200.0
128,,928.0,,169,32400.0
129,,1020.0,,1867,144000.0
130,,6328.0,,174,82800.0
131,,2163.0,,175,7980.0
132,169740.0,3225.0,,1675,
133,,8372.0,,1230,54000.0
134,72000.0,7599.0,,1245,54000.0
135,25200.0,2939.0,,1246,18000.0
136,,1871.0,,240,41400.0
137,,7211.0,,242,18000.0
138,9300.0,17425.0,,2179,
139,,1889.0,,1579,126000.0
140,,2031.0,,2184,46800.0
141,22920.0,22919.0,,2212,15240.0
142,,37140.0,,2211,42000.0
143,7200.0,68142.0,,2185,3720.0
144,,7289.0,,2324,61200.0
145,,18.0,,1534,29880.0
146,,239.0,,2150,72000.0
147,,21604.0,,2192,7200.0
148,,1029.0,,479,72000.0
149,,538.0,,484,86400.0
150,286440.0,21704.0,,2187,50820.0
151,,13182.0,,1873,84240.0
152,88800.0,55935.0,,1916,88800.0
153,,472.0,,34,323700.0
154,,78.0,,36,
155,,6342.0,,61,10800.0
156,,73.0,,68,108000.0
157,,43.0,,1711,111600.0
158,79200.0,15465.0,,1719,
159,,1558.0,,1726,45000.0
160,,9174.0,,1786,7800.0
161,90000.0,233.0,,1360,
162,,124.0,,1424,90000.0
163,360000.0,1011.0,,1523,162000.0
164,,20.0,,1541,58320.0
165,,73.0,,1556,126000.0
166,21120.0,18222.0,,2190,
167,308220.0,1212.0,,2201,132420.0
168,43200.0,7222.0,,1405,
169,,284.0,,1407,
170,80400.0,19531.0,,2197,
171,,1337.0,,1821,68400.0
172,,1267.0,,502,93600.0
173,,2063.0,,508,
174,,5894.0,,1823,100800.0
175,,434.0,,1998,144000.0
176,,7344.0,,540,28800.0
177,,359.0,,2014,216000.0
178,,247.0,,2023,36000.0
179,,1942.0,,2040,194400.0
180,,26226.0,,2055,
181,,1122.0,,541,
182,,434.0,,543,103560.0
183,417600.0,6874.0,,582,184620.0
184,59400.0,,39600.0,95,50400.0
185,,1377.0,,843,32400.0
186,,1942.0,,1040,216000.0
187,,40.0,,1054,57600.0
188,,16837.0,,1264,900.0
189,,296.0,,1767,54120.0
190,,2369.0,,625,28800.0
191,1800000.0,7789.0,,441,180000.0
192,,5924.0,,178,
193,,1009.0,,848,43200.0
194,,4137.0,,2255,38700.0
195,,32318.0,,2325,54000.0
196,540000.0,9630.0,,1049,72000.0
197,,1334.0,,1060,9120.0
198,,1334.0,,1791,14400.0
199,,529.0,,7,
200,180000.0,1009.0,,23,90000.0
201,,6815.0,,49,
202,,1384.0,,89,
203,10800.0,22361.0,,1574,7200.0
204,,128.0,,2097,40380.0
205,,11416.0,,2104,266040.0
206,,19.0,,101,
207,,26951.0,,2131,205200.0
208,,545.0,,660,104400.0
209,396000.0,1887.0,,676,126000.0
210,36000.0,9874.0,,689,36000.0
211,172800.0,1970.0,,834,
212,,514.0,,792,23400.0
213,180000.0,2977.0,,633,126000.0
214,93600.0,72.0,,802,
215,,1377.0,,817,19500.0
216,,75.0,,840,93600.0
217,36596340.0,11820.0,,849,
218,,2155.0,,1061,
219,,3082.0,,1068,3300.0
220,8100.0,27094.0,,1738,
221,720000.0,472.0,,1426,
222,,2437.0,,735,57600.0
223,,530.0,,644,54000.0
224,,12517.0,,954,36000.0
225,,1962.0,,1708,104400.0
226,,2947.0,,756,25200.0
227,,7170.0,,761,32400.0
228,50400.0,1164.0,,775,32400.0
229,172800.0,11156.0,,1750,
230,,14393.0,,1278,9000.0
231,13800.0,2939.0,,1292,
232,67260.0,1128.0,,1308,
233,,338.0,,612,9000.0
234,,1334.0,,788,12600.0
235,,558.0,,794,126000.0
236,,1334.0,,1714,10800.0
237,180000.0,119.0,,632,126000.0
238,,11492.0,,1758,244800.0
239,108000.0,1174.0,,713,90000.0
240,,527.0,,1123,25200.0
241,140400.0,1981.0,,1759,
242,,7405.0,,841,21600.0
243,,1103.0,,721,52200.0
244,,473.0,,135,
245,93600.0,6328.0,,330,
246,,1906.0,,136,11460.0
247,,148.0,,141,
248,,76.0,,560,198000.0
249,,1990.0,,956,
250,,9881.0,,1231,7200.0
251,28800.0,3188.0,,1232,
252,,11346.0,,1588,9000.0
253,,1335.0,,1136,
254,,1906.0,,1155,10800.0
255,,2155.0,,860,252000.0
256,,27148.0,,1717,3240.0
257,,1036.0,,346,108000.0
258,,1035.0,,351,61200.0
259,108000.0,1075.0,,358,90000.0
260,28800.0,1341.0,,1595,21600.0
261,525600.0,15712.0,,1606,
262,,6080.0,,1720,
263,,501.0,,862,82800.0
264,,2940.0,,1722,45000.0
265,,1286.0,,1729,11220.0
266,28800.0,2525.0,,1956,21600.0
267,,2025.0,,889,450000.0
268,,6803.0,,906,36000.0
269,,1906.0,,971,10800.0
270,,472.0,,1975,432000.0
271,,1334.0,,373,
272,,1020.0,,378,108000.0
273,36000.0,1111.0,,391,25200.0
274,288000.0,2368.0,,462,
275,,26193.0,,2011,36000.0
276,288000.0,2368.0,,463,
277,,11133.0,,2012,360000.0
278,,7351.0,,2013,72000.0
279,,1985.0,,2024,288000.0
280,83880.0,86224.0,,1959,55680.0
281,,75.0,,1972,144000.0
282,,233.0,,402,21600.0
283,72000.0,7386.0,,469,36000.0
284,72000.0,3018.0,,513,
285,,43.0,,551,72000.0
286,223200.0,847.0,,1002,
287,504000.0,6897.0,,1562,
288,0.0,,0.0,1398,50880.0
289,,2549.0,,1936,9000.0
290,36000.0,,28800.0,2030,34200.0
291,,2061.0,,1988,72000.0
292,54000.0,4758.0,,1243,36000.0
293,,18189.0,,1248,23400.0
294,,9177.0,,1204,8640.0
295,540000.0,1942.0,,1225,
296,,2358.0,,1132,
297,,501.0,,275,50400.0
298,,1519.0,,1171,139200.0
299,,1945.0,,310,
300,,12517.0,,1176,23400.0
301,,2897.0,,1440,90000.0
302,,26776.0,,2256,17040.0
303,,2062.0,,1989,72000.0
304,68400.0,2207.0,,1205,43200.0
305,,11649.0,,1206,4500.0
306,,12503.0,,1233,43200.0
307,,13199.0,,2326,97200.0
308,,14702.0,,1261,5700.0
309,,19173.0,,1239,
310,21600.0,7144.0,,1244,18000.0
311,108000.0,7222.0,,1272,86400.0
312,10800.0,17754.0,,1263,3600.0
313,,1039.0,,1276,
314,,3153.0,,1436,
315,,911.0,,1565,66300.0
316,,3077.0,,2068,41280.0
317,90000.0,119.0,,269,43200.0
318,,29004.0,,2069,39480.0
319,496800.0,2155.0,,1224,
320,,19325.0,,1253,
321,,9261.0,,1781,61200.0
322,4560.0,8376.0,,991,
323,,500.0,,1532,60840.0
324,,338.0,,282,39600.0
325,,1318.0,,304,90000.0
326,17400.0,14647.0,,2075,
327,,3028.0,,325,
328,,27033.0,,2214,34680.0
329,1080000.0,1627.0,,345,
330,,10142.0,,1365,
331,39600.0,7032.0,,1371,
332,97200.0,11617.0,,957,86400.0
333,,3242.0,,974,
334,198000.0,671.0,,983,
335,38880.0,1983.0,,1006,
336,,1355.0,,390,108000.0
337,,651.0,,1141,3600.0
338,,2031.0,,399,36000.0
339,18000.0,15995.0,,1385,
340,,238.0,,1390,
341,14400.0,5892.0,,1400,
342,10800.0,2291.0,,1401,
343,,911.0,,1403,
344,,8738.0,,1408,
345,,1384.0,,414,18000.0
346,,7655.0,,1143,1800.0
347,5400000.0,891.0,,1149,
348,,6829.0,,448,54000.0
349,,7599.0,,1043,48600.0
350,,1983.0,,1409,43200.0
351,,8321.0,,1415,
352,,71.0,,1417,7200.0
353,,15.0,,1421,216000.0
354,,6801.0,,1996,108000.0
355,,493.0,,1997,72000.0
356,,565.0,,2007,72000.0
357,,9927.0,,2026,432000.0
358,90000.0,3078.0,,1229,
359,18720.0,9072.0,,2032,
360,,2126.0,,2044,17340.0
361,,8652.0,,2051,34260.0
362,180000.0,12527.0,,2065,144000.0
363,77100.0,37094.0,,2070,
364,,26916.0,,2073,26340.0
365,,25746.0,,2091,100800.0
366,,7346.0,,2100,306000.0
367,,5606.0,,958,126000.0
368,,15925.0,,1071,
369,,1887.0,,311,201600.0
370,,1009.0,,1194,52560.0
371,,2591.0,,353,
372,28800.0,1113.0,,392,21600.0
373,,1976.0,,417,
374,,1334.0,,428,10800.0
375,,2058.0,,1119,
376,,2479.0,,1144,9000.0
377,,18211.0,,1187,
378,,18654.0,,1190,
379,,547.0,,1215,36000.0
380,64800.0,2935.0,,1222,
381,61200.0,7331.0,,1237,
382,,6803.0,,1195,32400.0
383,,6803.0,,1196,32400.0
384,64800.0,623.0,,1435,
385,32400.0,15276.0,,1389,
386,7200.0,8621.0,,1394,
387,28800.0,14722.0,,1406,
388,,72.0,,1419,39600.0
389,,928.0,,1425,
390,,7342.0,,1577,10800.0
391,,23862.0,,1581,
392,,509.0,,601,50400.0
393,324000.0,7334.0,,603,108000.0
394,0.0,,0.0,1101,28800.0
395,0.0,,0.0,97,54300.0
396,0.0,,0.0,1310,39600.0
397,,142.0,,946,
398,25380.0,7025.0,,553,20460.0
399,,7334.0,,567,263640.0
400,57600.0,547.0,,1448,
401,,1990.0,,1275,10800.0
402,129600.0,558.0,,1370,
403,327600.0,2552.0,,1617,
404,,547.0,,1640,33060.0
405,,7473.0,,83,4920.0
406,,18997.0,,1834,23400.0
407,172800.0,,0.0,524,0.0
408,,989.0,,1454,54000.0
409,,9627.0,,1240,
410,,71.0,,1497,19080.0
411,,9661.0,,1249,27900.0
412,,3718.0,,1652,8760.0
413,,24920.0,,1658,23400.0
414,333000.0,4700.0,,1837,271800.0
415,,530.0,,1106,57600.0
416,256260.0,,0.0,1277,0.0
417,2100.0,27573.0,,1856,
418,,374.0,,1874,13440.0
419,82560.0,36813.0,,1875,
420,,28204.0,,1894,
421,,2540.0,,1468,
422,,7205.0,,1072,
423,13320.0,7006.0,,1672,
424,,21.0,,1687,57600.0
425,,1827.0,,1691,43200.0
426,,826.0,,1392,72000.0
427,18000.0,6253.0,,1402,
428,,342.0,,1414,25200.0
429,,16.0,,1422,216000.0
430,143700.0,12511.0,,1904,
431,108000.0,17424.0,,1911,90000.0
432,,1341.0,,1607,
433,252000.0,1887.0,,259,
434,36000.0,7609.0,,930,32400.0
435,432000.0,8222.0,,952,
436,,71.0,,1236,
437,,14147.0,,1242,18000.0
438,,3097.0,,1792,50400.0
439,3600.0,36669.0,,1793,108000.0
440,,2692.0,,1474,
441,180000.0,529.0,,1102,
442,,2949.0,,1109,
443,1800000.0,891.0,,1137,
444,,16.0,,1969,216000.0
445,,427.0,,255,131400.0
446,396000.0,472.0,,260,
447,,6801.0,,261,108000.0
448,54000.0,385.0,,1814,43200.0
449,147600.0,434.0,,1619,100800.0
450,,1022.0,,1624,18000.0
451,,8352.0,,1630,7200.0
452,,128.0,,1631,50400.0
453,14700.0,1906.0,,1671,
454,13920.0,2969.0,,1678,
455,,5629.0,,1684,
456,,7599.0,,1257,54000.0
457,,9771.0,,1268,7200.0
458,,1942.0,,1325,362580.0
459,34440.0,7087.0,,1604,20820.0
460,,8968.0,,1692,27000.0
461,,12517.0,,1709,32400.0
462,,1570.0,,1723,55800.0
463,100800.0,20065.0,,1742,
464,,9497.0,,2138,3600.0
465,,22751.0,,2146,25200.0
466,,3022.0,,1693,39600.0
467,,1262.0,,1702,68400.0
468,,2969.0,,511,11880.0
469,,27148.0,,1716,3240.0
470,720.0,9604.0,,599,720.0
471,,9223.0,,800,8400.0
472,,1906.0,,654,5400.0
473,,71.0,,970,14400.0
474,115200.0,1305.0,,1138,
475,,8864.0,,1495,104400.0
476,,2552.0,,931,79200.0
477,430200.0,1942.0,,1165,269640.0
478,18000.0,3004.0,,1345,
479,,8173.0,,1518,
480,,7205.0,,1235,10800.0
481,,3750.0,,1280,
482,,4786.0,,1817,92220.0
483,,2064.0,,664,21600.0
484,,9724.0,,665,115200.0
485,,7579.0,,693,75600.0
486,86400.0,500.0,,781,
487,,7211.0,,783,13500.0
488,,1051.0,,797,18600.0
489,,2061.0,,268,
490,,352.0,,1434,
491,14400.0,4782.0,,1441,
492,18900.0,55935.0,,1913,
493,,76445.0,,1918,29400.0
494,,128.0,,273,57600.0
495,,517.0,,279,28800.0
496,,333.0,,2056,14400.0
497,,104786.0,,2257,10620.0
498,,7698.0,,100,19440.0
499,,5924.0,,180,
0,,13199.0,,2327,100800.0
1,146160.0,75.0,,298,96180.0
2,10800.0,2064.0,,299,10800.0
3,,427.0,,2102,121140.0
4,59880.0,11056.0,,2109,43260.0
5,,1443.0,,2114,189840.0
6,217200.0,19560.0,,2128,
7,,7351.0,,2140,79200.0
8,,916.0,,2161,23220.0
9,,35076.0,,2162,1800.0
10,103800.0,14362.0,,2176,
11,79200.0,548.0,,1449,
12,,2732.0,,1457,
13,28800.0,4081.0,,1469,
14,,9475.0,,1477,
15,24840.0,5025.0,,1505,
16,12540.0,,12540.0,336,12540.0
17,,1815.0,,1732,46560.0
18,,538.0,,1764,79200.0
19,331200.0,72870.0,,1950,
20,,9061.0,,2041,31740.0
21,,5619.0,,2043,51060.0
22,,559.0,,1543,29400.0
23,,3097.0,,1549,33600.0
24,19080.0,9638.0,,1554,
25,,56.0,,1974,306000.0
26,,732.0,,1982,144000.0
27,,1164.0,,2005,72000.0
28,,3097.0,,341,32400.0
29,108000.0,1033.0,,349,82800.0
30,36600.0,7116.0,,405,13200.0
31,288000.0,80.0,,424,
32,90000.0,990.0,,1456,
33,72000.0,2682.0,,1460,
34,162000.0,74.0,,1463,
35,36600.0,7116.0,,404,13200.0
36,43200.0,533.0,,447,28800.0
37,,885.0,,1480,
38,28800.0,6182.0,,1481,
39,126720.0,127.0,,1557,
40,,7344.0,,1973,28800.0
41,,731.0,,1984,144000.0
42,,233.0,,965,64800.0
43,32400.0,5577.0,,999,
44,,2155.0,,172,
45,25200.0,1256.0,,1483,
46,,7832.0,,1504,12960.0
47,86400.0,960.0,,1507,
48,338400.0,80.0,,1511,
49,,2164.0,,1530,28800.0
50,34200.0,6189.0,,1623,26100.0
51,61200.0,8822.0,,1001,
52,,1028.0,,1967,43200.0
53,,11186.0,,2258,34620.0
54,,1944.0,,94,
55,,1906.0,,557,
56,,7386.0,,561,43200.0
57,198000.0,2886.0,,563,72000.0
58,4671720.0,9604.0,,568,7440.0
59,900000.0,59.0,,667,
60,,13923.0,,1571,36000.0
61,1882800.0,7789.0,,1572,
62,,3232.0,,1591,40200.0
63,1200.0,25030.0,,1602,
64,,21863.0,,1622,116040.0
65,,1020.0,,1628,
66,,76.0,,302,235800.0
67,,277.0,,411,
68,,2939.0,,412,14400.0
69,,9630.0,,1279,252000.0
70,,10232.0,,1754,40500.0
71,7800.0,1794.0,,855,7200.0
72,,1289.0,,868,36000.0
73,61200.0,1164.0,,1642,
74,,1107.0,,1662,8580.0
75,35280.0,7612.0,,1668,
76,,538.0,,1689,64800.0
77,151200.0,7323.0,,1694,
78,360000.0,1020.0,,1695,
79,,109.0,,1696,147600.0
80,,1051.0,,1697,21600.0
81,,41.0,,1706,115200.0
82,324000.0,75.0,,1528,144000.0
83,,960.0,,1535,
84,,550.0,,1923,21600.0
85,90000.0,529.0,,1008,
86,18000.0,86461.0,,1954,18000.0
87,,604.0,,137,16860.0
88,,7863.0,,140,
89,7200.0,3035.0,,143,3600.0
90,111600.0,4755.0,,149,38700.0
91,84120.0,9112.0,,846,
92,37800.0,6942.0,,852,
93,39600.0,1991.0,,870,
94,,1161.0,,878,25200.0
95,838800.0,2985.0,,1316,288000.0
96,18000.0,9661.0,,1320,
97,14400.0,14845.0,,1329,
98,306000.0,76.0,,1968,216000.0
99,120600.0,570.0,,9,55800.0
100,52680.0,,52680.0,361,52680.0
101,6.0,19325.0,,1321,6.0
102,,1341.0,,1323,32880.0
103,,17537.0,,1336,3600.0
104,1800.0,16467.0,,1368,
105,1500.0,15066.0,,1376,
106,,389.0,,1446,216000.0
107,,2672.0,,1450,
108,144000.0,434.0,,1470,
109,90000.0,475.0,,1479,
110,,65.0,,1487,54000.0
111,66960.0,2001.0,,1508,
112,,231.0,,1522,36000.0
113,89100.0,538.0,,1542,
114,,471.0,,1769,43200.0
115,12600.0,22023.0,,1775,
116,,966.0,,1818,21600.0
117,,1038.0,,1851,68760.0
118,,4797.0,,1865,54000.0
119,12.0,76397.0,,2039,3660.0
120,,1033.0,,2047,90660.0
121,,124.0,,2154,
122,,3035.0,,2157,9000.0
123,,15108.0,,2169,40920.0
124,396000.0,1443.0,,2180,
125,,27249.0,,2183,36000.0
126,,233.0,,254,32460.0
127,,20.0,,276,79200.0
128,,987.0,,367,
129,,1266.0,,386,46800.0
130,36600.0,7116.0,,409,13200.0
131,,2358.0,,697,90000.0
132,14400.0,1363.0,,1373,
133,216000.0,74.0,,1527,108000.0
134,,1981.0,,1538,110400.0
135,,6057.0,,1539,57000.0
136,18000.0,518.0,,1546,
137,,3149.0,,1550,51300.0
138,,20437.0,,1598,36000.0
139,,498.0,,1710,201600.0
140,,27149.0,,1718,2520.0
141,,233.0,,2021,72000.0
142,,1134.0,,2054,23760.0
143,,7334.0,,2074,134100.0
144,207660.0,11156.0,,2081,
145,70200.0,5579.0,,2089,
146,,43.0,,2107,
147,,6887.0,,2112,336660.0
148,,9722.0,,2125,
149,,11162.0,,2145,380100.0
150,,247.0,,17,32400.0
151,4620.0,21638.0,,1358,
152,4800.0,21638.0,,1359,
153,2460.0,10225.0,,1366,
154,33780.0,78149.0,,2202,29820.0
155,158400.0,99821.0,,2208,
156,,15.0,,363,180000.0
157,,231.0,,383,18000.0
158,36600.0,7116.0,,407,13200.0
159,144000.0,118.0,,451,108000.0
160,180000.0,1.0,,459,108000.0
161,,20.0,,626,16200.0
162,,1029.0,,630,288000.0
163,,2985.0,,666,151200.0
164,,1976.0,,670,
165,72000.0,979.0,,691,43200.0
166,,2130.0,,701,43200.0
167,14400.0,71.0,,709,7200.0
168,,19331.0,,1273,
169,,1331.0,,1291,14400.0
170,28800.0,7032.0,,704,
171,,12412.0,,945,46440.0
172,,9630.0,,951,288000.0
173,,73.0,,964,86400.0
174,,11599.0,,2259,15600.0
175,216000.0,,0.0,19561,57600.0
176,0.0,,30600.0,19562,48660.0
177,191550.0,,0.0,20275,0.0
178,0.0,,0.0,19173,5040.0
179,13200.0,,0.0,26776,17040.0
180,655200.0,,90000.0,17000,360000.0
181,0.0,,0.0,10479,27360.0
182,0.0,,25800.0,10528,0.0
183,0.0,,7380.0,10733,0.0
184,0.0,,0.0,10780,3600.0
185,273600.0,,115200.0,10919,154800.0
186,0.0,,93600.0,10938,0.0
187,0.0,,0.0,10939,76260.0
188,180000.0,,0.0,10962,216000.0
189,5460.0,,0.0,10967,0.0
190,59880.0,,0.0,11056,43260.0
191,126000.0,,25200.0,11059,54000.0
192,21600.0,,0.0,11060,0.0
193,0.0,,0.0,11162,380100.0
194,57600.0,,0.0,11328,0.0
195,37800.0,,0.0,11563,0.0
196,414000.0,,216000.0,11800,360000.0
197,143700.0,,0.0,12511,0.0
198,0.0,,0.0,13923,36000.0
199,391200.0,,146160.0,14548,201600.0
200,0.0,,0.0,14763,43200.0
201,32400.0,,0.0,15276,0.0
202,0.0,,5400.0,15925,6300.0
203,0.0,,0.0,16477,25200.0
204,0.0,,90000.0,16587,108000.0
205,0.0,,0.0,16837,900.0
206,0.0,,0.0,16983,18900.0
207,39600.0,,19800.0,17026,21600.0
208,660.0,,3600.0,17131,7200.0
209,0.0,,0.0,17224,108000.0
210,108000.0,,54000.0,17424,90000.0
211,9300.0,,0.0,17425,0.0
212,0.0,,0.0,17537,3600.0
213,0.0,,3000.0,17540,0.0
214,0.0,,0.0,17696,72000.0
215,0.0,,7200.0,17714,0.0
216,10800.0,,7200.0,17728,9000.0
217,10800.0,,0.0,17754,3600.0
218,0.0,,0.0,17847,13980.0
219,0.0,,0.0,18011,7650.0
220,21660.0,,-3600.0,18013,10800.0
221,158400.0,,0.0,18017,0.0
222,0.0,,0.0,18038,107100.0
223,0.0,,7200.0,18041,0.0
224,600.0,,600.0,18061,600.0
225,0.0,,0.0,18100,124020.0
226,0.0,,0.0,18149,18000.0
227,0.0,,0.0,18189,23400.0
228,0.0,,0.0,18211,0.0
229,0.0,,54000.0,18221,0.0
230,19560.0,,0.0,18222,0.0
231,0.0,,0.0,18283,0.0
232,0.0,,0.0,18312,0.0
233,43200.0,,32400.0,18320,43200.0
234,0.0,,0.0,18356,0.0
235,68400.0,,0.0,18454,0.0
236,19200.0,,1380.0,18484,16200.0
237,0.0,,4080.0,18622,0.0
238,21600.0,,0.0,18642,0.0
239,0.0,,77340.0,18654,0.0
240,0.0,,0.0,18689,13800.0
241,0.0,,0.0,18812,216000.0
242,36000.0,,7200.0,18828,14400.0
243,19500.0,,0.0,18997,23400.0
244,6.0,,6.0,19325,6.0
245,0.0,,3600.0,19331,0.0
246,0.0,,0.0,19389,3600.0
247,0.0,,0.0,19396,10800.0
248,0.0,,0.0,19456,46800.0
249,0.0,,0.0,19521,117000.0
250,120030.0,,0.0,19531,105300.0
251,104700.0,,0.0,19565,0.0
252,0.0,,0.0,19603,0.0
253,0.0,,18600.0,19798,0.0
254,15600.0,,0.0,19844,0.0
255,0.0,,0.0,19911,84600.0
256,100800.0,,0.0,20065,0.0
257,0.0,,32400.0,20191,0.0
258,0.0,,0.0,20283,118800.0
259,0.0,,0.0,20437,36000.0
260,0.0,,0.0,20907,3720.0
261,0.0,,0.0,21599,6300.0
262,0.0,,0.0,21604,7200.0
263,0.0,,0.0,22038,9660.0
264,0.0,,4080.0,22181,0.0
265,0.0,,0.0,22358,3600.0
266,0.0,,0.0,23354,14400.0
267,0.0,,0.0,25746,100800.0
268,36000.0,,14400.0,27194,21600.0
269,14400.0,,0.0,29147,0.0
270,0.0,,0.0,35076,1800.0
271,77100.0,,0.0,37094,0.0
272,2280.0,,0.0,59145,0.0
273,5400.0,,0.0,74991,0.0
274,25200.0,,16200.0,83577,20700.0
275,0.0,,0.0,97690,3360.0
276,158400.0,,0.0,99821,0.0
277,37800.0,,0.0,102129,0.0
278,0.0,,18000.0,103341,28800.0
279,0.0,,0.0,104786,10620.0
280,0.0,,36000.0,105342,0.0
281,0.0,,0.0,108787,14100.0
282,13500.0,,0.0,109419,0.0
283,18000.0,,0.0,109421,0.0
284,15900.0,,0.0,109422,0.0
285,72000.0,,14400.0,113673,25200.0
286,10800.0,,7200.0,114420,9000.0
287,1800.0,,300.0,114781,900.0
288,2760.0,,0.0,117775,0.0
289,900.0,,120.0,117996,600.0
290,504000.0,,0.0,118203,0.0
291,0.0,,0.0,8983,28800.0
292,162840.0,,0.0,10067,0.0
293,21600.0,,0.0,27278,26400.0
294,217200.0,,0.0,19560,68400.0
295,0.0,,0.0,34705,54840.0
296,51120.0,,0.0,7635,28080.0
297,0.0,,0.0,122448,660.0
298,39600.0,,0.0,9643,0.0
299,126000.0,,0.0,3171,64800.0
300,0.0,,0.0,126573,0.0
301,39600.0,,0.0,106847,0.0
302,0.0,,0.0,27024,0.0
303,99000.0,,34200.0,233,51774.0
304,0.0,,0.0,111117,2100.0
305,0.0,,0.0,5156,0.0
306,0.0,,1080.0,125617,30240.0
307,0.0,,0.0,26624,0.0
308,0.0,,0.0,3288,0.0
309,0.0,,3600.0,3287,0.0
310,0.0,,0.0,34293,0.0
311,96075.0,,43704.0,538,57206.0
312,144000.0,,0.0,5503,90000.0
313,77400.0,,9000.0,72,27257.0
314,0.0,,0.0,81092,0.0
315,0.0,,0.0,81173,0.0
316,0.0,,0.0,33049,2460.0
317,0.0,,0.0,127714,2160.0
318,0.0,,0.0,81094,0.0
319,46800.0,,0.0,74959,18000.0
320,0.0,,0.0,36198,0.0
321,0.0,,0.0,128662,0.0
322,0.0,,0.0,25837,0.0
323,0.0,,0.0,4127,216000.0
324,0.0,,0.0,36470,0.0
325,71280.0,,0.0,924,0.0
326,0.0,,0.0,12230,0.0
327,0.0,,0.0,2456,0.0
328,0.0,,0.0,2460,0.0
329,0.0,,0.0,12691,0.0
330,0.0,,0.0,8356,0.0
331,39600.0,,25200.0,110085,32400.0
332,0.0,,0.0,40865,0.0
333,0.0,,0.0,95028,0.0
334,0.0,,0.0,87672,0.0
335,0.0,,0.0,103292,0.0
336,0.0,,0.0,119177,0.0
337,0.0,,0.0,26701,26400.0
338,0.0,,0.0,998,32400.0
339,5400.0,,0.0,30264,3600.0
340,0.0,,0.0,87622,0.0
341,0.0,,0.0,2480,94260.0
342,0.0,,0.0,17829,0.0
343,0.0,,0.0,2959,115200.0
